{
  "Component.js.map": 1731407628606,
  "controller/App.controller.js": 1727688962110,
  "controller/CAP_VIEW_01.controller.js": 1731322878763,
  "model/models.js": 1727688962106,
  "manifest.json": 1731407628475,
  "Component.js": 1728277614610,
  "model/models-dbg.js": 1727688962106,
  "model/models.js.map": 1731407628608,
  "controller/CAP_VIEW_01-dbg.controller.js": 1731322878763,
  "controller/CAP_VIEW_01.controller.js.map": 1731407628642,
  "controller/App-dbg.controller.js": 1727688962110,
  "controller/App.controller.js.map": 1731407628606,
  "Component-dbg.js": 1728277614610,
  "i18n/i18n.properties": 1727688962106,
  "Component-preload.js": 1731407628729,
  "Component-preload.js.map": 1731407628729,
  "view/viewItem.fragment.xml": 1730796816717,
  "view/profile_dropdown.fragment.xml": 1728277278316,
  "view/policyDoc.fragment.xml": 1728277682274,
  "view/list_view_01.view.xml": 1731323017715,
  "view/CAP_VIEW_01.view.xml": 1727936044658,
  "view/App.view.xml": 1727688962110,
  "view/ActionSheet.fragment.xml": 1730790819566,
  "css/style.css": 1729174930076,
  "index.html": 1727689353603
}